	Review	Liked
1	Won't go back.	0
2	-Drinks took close to 30 minutes to come out at one point.	0
3	The service was meh.	0
4	We got the food and apparently they have never heard of salt and the batter on the fish was chewy.	0
5	I've never been treated so bad.	0
6	Coming here is like experiencing an underwhelming relationship where both parties can't wait for the other person to ask to break up.	0
7	Hard to judge whether these sides were good because we were grossed out by the melted styrofoam and didn't want to eat it for fear of getting sick.	0
8	"It was extremely ""crumby"" and pretty tasteless."	0
9	"The service was terrible, food was mediocre."	0
10	Mediocre food.	0
11	The scallop dish is quite appalling for value as well.	0
12	I was shocked because no signs indicate cash only.	0
13	Overall I wasn't very impressed with Noca.	0
14	We literally sat there for 20 minutes with no one asking to take our order.	0
15	But I definitely would not eat here again.	0
16	Not a single employee came out to see if we were OK or even needed a water refill once they finally served us our food.	0
17	very slow at seating even with reservation.	0
18	"I find wasting food to be despicable, but this just wasn't food."	0
19	The problem I have is that they charge $11.99 for a sandwich that is no bigger than a Subway sub (which offers better and more amount of vegetables).	0
20	A lady at the table next to us found a live green caterpillar In her salad.	0
21	Service sucks.	0
22	"It was a bit too sweet, not really spicy enough, and lacked flavor."	0
23	I seriously cannot believe that the owner has so many unexperienced employees that all are running around like chickens with their heads cut off.	0
24	Won't ever go here again.	0
25	"By this point, my friends and I had basically figured out this place was a joke and didn't mind making it publicly and loudly known."	0
26	Eew... This location needs a complete overhaul.	0
27	The selection of food was not the best.	0
28	I was mortified.	0
29	After all the rave reviews I couldn't wait to eat here......what a disappointment!	0
30	"For a self proclaimed coffee cafe, I was wildly disappointed."	0
31	Please stay away from the shrimp stir fried noodles.	0
32	Do yourself a favor and stay away from this dish.	0
33	We could not believe how dirty the oysters were!	0
34	It's NOT hard to make a decent hamburger.	0
35	Terrible management.	0
36	"The food is about on par with Denny's, which is to say, not good at all."	0
37	We sat another ten minutes and finally gave up and left.	0
38	"Ordered a double cheeseburger & got a single patty that was falling apart (picture uploaded) Yeah, still sucks."	0
39	"Insults, profound deuchebaggery, and had to go outside for a smoke break while serving just to solidify it."	0
40	Not much seafood and like 5 strings of pasta at the bottom.	0
41	The manager was the worst.	0
42	first time there and might just be the last.	0
43	"This is was due to the fact that it took 20 minutes to be acknowledged, then another 35 minutes to get our food...and they kept forgetting things."	0
44	"the food is not tasty at all, not to say its ""real traditional Hunan style""."	0
45	"To my disbelief, each dish qualified as the worst version of these foods I have ever tasted."	0
46	But then they came back cold.	0
47	After the disappointing dinner we went elsewhere for dessert.	0
48	"REAL sushi lovers, let's be honest - Yama is not that good."	0
49	The warm beer didn't help.	0
50	"Friend's pasta -- also bad, he barely touched it."	0
51	Don't bother coming here.	0
52	dont go here.	0
53	Just don't know why they were so slow.	0
54	Probably not in a hurry to go back.	0
55	"For about 10 minutes, we we're waiting for her salad when we realized that it wasn't coming any time soon."	0
56	My salad had a bland vinegrette on the baby greens and hearts of Palm.	0
57	The potatoes were like rubber and you could tell they had been made up ahead of time being kept under a warmer.	0
58	Left very frustrated.	0
59	Overall I wasn't very impressed with Noca.	0
60	My husband and I ate lunch here and were very disappointed with the food and service.	0
61	"I mean really, how do you get so famous for your fish and chips when it's so terrible!?!"	0
62	First - the bathrooms at this location were dirty- Seat covers were not replenished & just plain yucky!!!	0
63	"The service was not up to par, either."	0
64	I don't have to be an accountant to know I'm getting screwed!	0
65	"It was a bit too sweet, not really spicy enough, and lacked flavor."	0
66	I think food should have flavor and texture and both were lacking.	0
67	"I do love sushi, but I found Kabuki to be over-priced, over-hip and under-services."	0
68	Appetite instantly gone.	0
69	I checked out this place a couple years ago and was not impressed.	0
70	"It was attached to a gas station, and that is rarely a good sign."	0
71	Food was below average.	0
72	I've never been treated so bad.	0
73	The scallop dish is quite appalling for value as well.	0
74	The Burrittos Blah!	0
75	"Needless to say, we will never be back here again."	0
76	I'm super pissd.	0
77	"No allergy warnings on the menu, and the waitress had absolutely no clue as to which meals did or did not contain peanuts."	0
78	We waited for forty five minutes in vain.	0
79	"The burger had absolutely no flavor - the meat itself was totally bland, the burger was overcooked and there was no charcoal flavor."	0
80	I can't tell you how disappointed I was.	0
81	I don't think we'll be going back anytime soon.	0
82	"For about 10 minutes, we we're waiting for her salad when we realized that it wasn't coming any time soon."	0
83	The desserts were a bit strange.	0
84	My friend did not like his Bloody Mary.	0
85	I left with a stomach ache and felt sick the rest of the day.	0
86	"Then, as if I hadn't wasted enough of my life there, they poured salt in the wound by drawing out the time it took to bring the check."	0
87	I got home to see the driest damn wings ever!	0
88	I give it 2 thumbs down	0
89	"I'd rather eat airline food, seriously."	0
90	I work in the hospitality industry in Paradise Valley and have refrained from recommending Cibo any longer.	0
91	"It was either too cold, not enough flavor or just bad."	0
92	We watched our waiter pay a lot more attention to other tables and ignore us.	0
93	this is the worst sushi i have ever eat besides Costco's.	0
94	A FLY was in my apple juice.. A FLY!!!!!!!!	0
95	She ordered a toasted English muffin that came out untoasted.	0
96	Soggy and not good.	0
97	"I live in the neighborhood so I am disappointed I won't be back here, because it is a convenient location."	0
98	"We got sitting fairly fast, but, ended up waiting 40 minutes just to place our order, another 30 minutes before the food arrived."	0
99	"The chains, which I'm no fan of, beat this place easily."	0
100	"Strike 2, who wants to be rushed."	0
101	Overpriced for what you are getting.	0
102	"He was extremely rude and really, there are so many other restaurants I would love to dine at during a weekend in Vegas."	0
103	Service sucks.	0
104	Waited and waited and waited.	0
105	What a mistake.	0
106	They brought a fresh batch of fries and I was thinking yay something warm but no!	0
107	"Main thing I didn't enjoy is that the crowd is of older crowd, around mid 30s and up."	0
108	"Unfortunately, it only set us up for disapppointment with our entrees."	0
109	Boy was that sucker dry!!.	0
110	"Never been to Hard Rock Casino before, WILL NEVER EVER STEP FORWARD IN IT AGAIN!"	0
111	Overall I was not impressed and would not go back.	0
112	I am far from a sushi connoisseur but I can definitely tell the difference between good food and bad food and this was certainly bad food.	0
113	I was VERY disappointed!!	0
114	"The meat was pretty dry, I had the sliced brisket and pulled pork."	0
115	When my mom and I got home she immediately got sick and she only had a few bites of salad.	0
116	I give it 2 thumbs down	0
117	"I live in the neighborhood so I am disappointed I won't be back here, because it is a convenient location."	0
118	Now I am getting angry and I want my damn pho.	0
119	After the disappointing dinner we went elsewhere for dessert.	0
120	I've never been more insulted or felt disrespected.	0
121	"Needless to say, I won't be going back anytime soon."	0
122	"The food sucked, which we expected but it sucked more than we could have imagined."	0
123	My fella got the huevos rancheros and they didn't look too appealing.	0
124	I hate those things as much as cheap quality black olives.	0
125	The potato chip order was sad... I could probably count how many chips were in that box and it was probably around 12.	0
126	The food was terrible.	0
127	The server was very negligent of our needs and made us feel very unwelcome... I would not suggest this place!	0
128	Google mediocre and I imagine Smashburger will pop up.	0
129	We waited for thirty minutes to be seated (although there were 8 vacant tables and we were the only folks waiting).	0
130	RUDE & INCONSIDERATE MANAGEMENT.	0
131	It sure does beat the nachos at the movies but I would expect a little bit more coming from a restaurant.	0
132	It was way over fried.	0
133	The service was a bit lacking.	0
134	"Overall, I was very disappointed with the quality of food at Bouchon."	0
135	Over rated.	0
136	Probably not in a hurry to go back.	0
137	"Perhaps I caught them on an off night judging by the other reviews, but I'm not inspired to go back."	0
138	"Overall, I don't think that I would take my parents to this place again because they made most of the similar complaints that I silently felt too."	0
139	I dressed up to be treated so rudely!	0
140	"Anyways, The food was definitely not filling at all, and for the price you pay you should expect more."	0
141	Eew... This location needs a complete overhaul.	0
142	Won't go back.	0
143	The chicken wings contained the driest chicken meat I have ever eaten.	0
144	We won't be going back anytime soon!	0
145	the spaghetti is nothing special whatsoever.	0
146	"However, my recent experience at this particular location was not so good."	0
147	"I don't know what the big deal is about this place, but I won't be back ""ya'all""."	0
148	It's too bad the food is so damn generic.	0
149	I will not be eating there again.	0
150	Overall I wasn't very impressed with Noca.	0
151	Con: spotty service.	0
152	It was equally awful.	0
153	I dressed up to be treated so rudely!	0
154	This place deserves no stars.	0
155	I was so insulted.	0
156	Best of luck to the rude and non-customer service focused new management.	0
157	The poor batter to meat ratio made the chicken tenders very unsatisfying.	0
158	The management is rude.	0
159	She was quite disappointed although some blame needs to be placed at her door.	0
160	"The building itself seems pretty neat, the bathroom is pretty trippy, but I wouldn't eat here again."	0
161	I dressed up to be treated so rudely!	0
162	"We got sitting fairly fast, but, ended up waiting 40 minutes just to place our order, another 30 minutes before the food arrived."	0
163	Del Taco is pretty nasty and should be avoided if possible.	0
164	"I find wasting food to be despicable, but this just wasn't food."	0
165	I also decided not to send it back because our waitress looked like she was on the verge of having a heart attack.	0
166	"Your servers suck, wait, correction, our server Heimer sucked."	0
167	Terrible management.	0
168	"(It wasn't busy either) Also, the building was FREEZING cold."	0
169	Not tasty and the texture was just nasty.	0
170	I wasn't really impressed with Strip Steak.	0
171	I was so insulted.	0
172	It wasn't busy at all and now we know why.	0
173	Waited and waited and waited.	0
174	Food quality has been horrible.	0
175	#NAME?	0
176	What a mistake that was!	0
177	Ordered an appetizer and took 40 minutes and then the pizza another 10 minutes.	0
178	RUDE & INCONSIDERATE MANAGEMENT.	0
179	"For service, I give them no stars."	0
180	Ryan's Bar is definitely one Edinburgh establishment I won't be revisiting.	0
181	This was like the final blow!	0
182	I'm super pissd.	0
183	#NAME?	0
184	"The pizza tasted old, super chewy in not a good way."	0
185	I wouldn't return.	0
186	Con: spotty service.	0
187	I don't think I'll be running back to Carly's anytime soon for food.	0
188	"No, I'm going to eat the potato that I found some strangers hair in it."	0
189	The food was terrible.	0
190	"For a self proclaimed coffee cafe, I was wildly disappointed."	0
191	The servers are not pleasant to deal with and they don't always honor Pizza Hut coupons.	0
192	The server was very negligent of our needs and made us feel very unwelcome... I would not suggest this place!	0
193	"Hot dishes are not hot, cold dishes are close to room temp.I watched staff prepare food with BARE HANDS, no gloves.Everything is deep fried in oil."	0
194	The cashier had no care what so ever on what I had to say it still ended up being wayyy overpriced.	0
195	I had the chicken Pho and it tasted very bland.	0
196	"I have watched their prices inflate, portions get smaller and management attitudes grow rapidly!"	0
197	It's NOT hard to make a decent hamburger.	0
198	Paying $7.85 for a hot dog and fries that looks like it came out of a kid's meal at the Wienerschnitzel is not my idea of a good meal.	0
199	"This place is not quality sushi, it is not a quality restaurant."	0
200	The manager was the worst.	0
201	The waiter wasn't helpful or friendly and rarely checked on us.	0
202	"The service was a little slow , considering that were served by 3 people servers so the food was coming in a slow pace."	0
203	"Probably never coming back, and wouldn't recommend it."	0
204	I don't recommend unless your car breaks down in front of it and you are starving.	0
205	"Third, the cheese on my friend's burger was cold."	0
206	"I don't know what the big deal is about this place, but I won't be back ""ya'all""."	0
207	"Strike 2, who wants to be rushed."	0
208	There is nothing privileged about working/eating there.	0
209	Paying $7.85 for a hot dog and fries that looks like it came out of a kid's meal at the Wienerschnitzel is not my idea of a good meal.	0
210	The potatoes were like rubber and you could tell they had been made up ahead of time being kept under a warmer.	0
211	We will not be coming back.	0
212	I ordered Albondigas soup - which was just warm - and tasted like tomato soup with frozen meatballs.	0
213	"The pizza tasted old, super chewy in not a good way."	0
214	the spaghetti is nothing special whatsoever.	0
215	Very poor service.	0
216	"The burger... I got the ""Gold Standard"" a $17 burger and was kind of disappointed."	0
217	"I started this review with two stars, but I'm editing it to give it only one."	0
218	I wouldn't return.	0
219	The service was extremely slow.	0
220	After two I felt disgusting.	0
221	The only thing I wasn't too crazy about was their guacamole as I don't like it puréed.	0
222	"Bad day or not, I have a very low tolerance for rude customer service people, it is your job to be nice and polite, wash dishes otherwise!!"	0
223	The tables outside are also dirty a lot of the time and the workers are not always friendly and helpful with the menu.	0
224	"Will never, ever go back."	0
225	My gyro was basically lettuce only.	0
226	The potato chip order was sad... I could probably count how many chips were in that box and it was probably around 12.	0
227	I left with a stomach ache and felt sick the rest of the day.	0
228	"If you want to wait for mediocre food and downright terrible service, then this is the place for you."	0
229	"Host staff were, for lack of a better word, BITCHES!"	0
230	I was so insulted.	0
231	The chicken wings contained the driest chicken meat I have ever eaten.	0
232	And then tragedy struck.	0
233	The warm beer didn't help.	0
234	"I live in the neighborhood so I am disappointed I won't be back here, because it is a convenient location."	0
235	The service was poor and thats being nice.	0
236	"Also, I feel like the chips are bought, not made in house."	0
237	"Total letdown, I would much rather just go to the Camelback Flower Shop and Cartel Coffee."	0
238	I also decided not to send it back because our waitress looked like she was on the verge of having a heart attack.	0
239	"By this point, my friends and I had basically figured out this place was a joke and didn't mind making it publicly and loudly known."	0
240	Pricing is a bit of a concern at Mellow Mushroom.	0
241	It was probably dirt.	0
242	"The service was terrible, food was mediocre."	0
243	It was a pale color instead of nice and char and has NO flavor.	0
244	The buffet is small and all the food they offered was BLAND.	0
245	Food was really boring.	0
246	"No allergy warnings on the menu, and the waitress had absolutely no clue as to which meals did or did not contain peanuts."	0
247	I just don't know how this place managed to served the blandest food I have ever eaten when they are preparing Indian cuisine.	0
248	They brought a fresh batch of fries and I was thinking yay something warm but no!	0
249	The pan cakes everyone are raving about taste like a sugary disaster tailored to the palate of a six year old.	0
250	This place should honestly be blown up.	0
251	WAAAAAAyyyyyyyyyy over rated is all I am saying.	0
252	I would avoid this place if you are staying in the Mirage.	0
253	Service stinks here!	0
254	The Burrittos Blah!	0
255	"like the other reviewer said ""you couldn't pay me to eat at this place again."""	0
256	The waiter wasn't helpful or friendly and rarely checked on us.	0
257	I never come again.	0
258	"Never been to Hard Rock Casino before, WILL NEVER EVER STEP FORWARD IN IT AGAIN!"	0
259	She ordered a toasted English muffin that came out untoasted.	0
260	Tried to go here for lunch and it was a madhouse.	0
261	I left with a stomach ache and felt sick the rest of the day.	0
262	The ambiance isn't much better.	0
263	We've tried to like this place but after 10+ times I think we're done with them.	0
264	"too bad cause I know it's family owned, I really wanted to like this place."	0
265	The potato chip order was sad... I could probably count how many chips were in that box and it was probably around 12.	0
266	We will not be coming back.	0
267	We waited for forty five minutes in vain.	0
268	The Buffet at Bellagio was far from what I anticipated.	0
269	"The Wife hated her meal (coconut shrimp), and our friends really did not enjoy their meals, either."	0
270	Overall I wasn't very impressed with Noca.	0
271	first time there and might just be the last.	0
272	"Unfortunately, it was not good."	0
273	walked in and the place smelled like an old grease trap and only 2 others there eating.	0
274	I'm not sure how long we stood there but it was long enough for me to begin to feel awkwardly out of place.	0
275	"The service was terrible, food was mediocre."	0
276	"like the other reviewer said ""you couldn't pay me to eat at this place again."""	0
277	There is not a deal good enough that would drag me into that establishment again.	0
278	I never come again.	0
279	WILL NEVER EVER GO BACK AND HAVE TOLD MANY PEOPLE WHAT HAD HAPPENED.	0
280	Terrible service!	0
281	Ordered an appetizer and took 40 minutes and then the pizza another 10 minutes.	0
282	The only reason to eat here would be to fill up before a night of binge drinking just to get some carbs in your stomach.	0
283	I've never been more insulted or felt disrespected.	0
284	I've never been treated so bad.	0
285	"Needless to say, we will never be back here again."	0
286	I was shocked because no signs indicate cash only.	0
287	The scallop dish is quite appalling for value as well.	0
288	Weird vibe from owners.	0
289	Hell no will I go back	0
290	"If the food isn't bad enough for you, then enjoy dealing with the world's worst/annoying drunk people."	0
291	"Friend's pasta -- also bad, he barely touched it."	0
292	They dropped more than the ball.	0
293	Overpriced for what you are getting.	0
294	"Also, I feel like the chips are bought, not made in house."	0
295	I paid the bill but did not tip because I felt the server did a terrible job.	0
296	"like the other reviewer said ""you couldn't pay me to eat at this place again."""	0
297	"Frozen pucks of disgust, with some of the worst people behind the register."	0
298	I can take a little bad service but the food sucks.	0
299	I paid the bill but did not tip because I felt the server did a terrible job.	0
300	But I don't like it.	0
301	"What did bother me, was the slow service."	0
302	"I had high hopes for this place since the burgers are cooked over a charcoal grill, but unfortunately the taste fell flat, way flat."	0
303	The RI style calamari was a joke.	0
304	The service was terrible though.	0
305	Disappointing experience.	0
306	My gyro was basically lettuce only.	0
307	So in a nutshell: 1) The restaraunt smells like a combination of a dirty fish market and a sewer.	0
308	And the red curry had so much bamboo shoots and wasn't very tasty to me.	0
309	Very poor service.	0
310	The scallop dish is quite appalling for value as well.	0
311	"As much as I'd like to go back, I can't get passed the atrocious service and will never return."	0
312	The manager was the worst.	0
313	The ambiance isn't much better.	0
314	It really is impressive that the place hasn't closed down.	0
315	Service sucks.	0
316	"Not much flavor to them, and very poorly constructed."	0
317	The worst was the salmon sashimi.	0
318	Ordered burger rare came in we'll done.	0
319	I've had better atmosphere.	0
320	Tonight I had the Elk Filet special...and it sucked.	0
321	After the disappointing dinner we went elsewhere for dessert.	0
322	This is a disgrace.	0
323	I give it 2 thumbs down	0
324	The poor batter to meat ratio made the chicken tenders very unsatisfying.	0
325	This is a disgrace.	0
326	"The whole experience was underwhelming, and I think we'll just go to Ninja Sushi next time."	0
327	I just wanted to leave.	0
328	I took back my money and got outta there.	0
329	He was terrible!	0
330	"Strike 2, who wants to be rushed."	0
331	Waitress was a little slow in service.	0
332	"Poor service, the waiter made me feel like I was stupid every time he came to the table."	0
333	"The building itself seems pretty neat, the bathroom is pretty trippy, but I wouldn't eat here again."	0
334	I was so insulted.	0
335	We waited for thirty minutes to be seated (although there were 8 vacant tables and we were the only folks waiting).	0
336	I was so insulted.	0
337	Not a single employee came out to see if we were OK or even needed a water refill once they finally served us our food.	0
338	I don't think we'll be going back anytime soon.	0
339	Eew... This location needs a complete overhaul.	0
340	"Poor service, the waiter made me feel like I was stupid every time he came to the table."	0
341	When my mom and I got home she immediately got sick and she only had a few bites of salad.	0
342	We started with the tuna sashimi which was brownish in color and obviously wasn't fresh.	0
343	Hell no will I go back	0
344	"I have been to very few places to eat that under no circumstances would I ever return to, and this tops the list."	0
345	"On three different occasions I asked for well done or medium well, and all three times I got the bloodiest piece of meat on my plate."	0
346	I would not recommend this place.	0
347	"I guess I should have known that this place would suck, because it is inside of the Excalibur, but I didn't use my common sense."	0
348	We watched our waiter pay a lot more attention to other tables and ignore us.	0
349	The waiter wasn't helpful or friendly and rarely checked on us.	0
350	"The Wife hated her meal (coconut shrimp), and our friends really did not enjoy their meals, either."	0
351	The tables outside are also dirty a lot of the time and the workers are not always friendly and helpful with the menu.	0
352	I was so insulted.	0
353	Must have been an off night at this place.	0
354	"Furthermore, you can't even find hours of operation on the website!"	0
355	"The pizza tasted old, super chewy in not a good way."	0
356	"Then our food came out, disappointment ensued."	0
357	The turkey and roast beef were bland.	0
358	"Host staff were, for lack of a better word, BITCHES!"	0
359	I would not recommend this place.	0
360	"The burger... I got the ""Gold Standard"" a $17 burger and was kind of disappointed."	0
361	Awful service.	0
362	I as well would've given godfathers zero stars if possible.	0
363	Nothing special.	0
364	"The pizza tasted old, super chewy in not a good way."	0
365	"I don't know what the big deal is about this place, but I won't be back ""ya'all""."	0
366	At least think to refill my water before I struggle to wave you over for 10 minutes.	0
367	"The burger... I got the ""Gold Standard"" a $17 burger and was kind of disappointed."	0
368	"For a self proclaimed coffee cafe, I was wildly disappointed."	0
369	I never come again.	0
370	"The Wife hated her meal (coconut shrimp), and our friends really did not enjoy their meals, either."	0
371	WAAAAAAyyyyyyyyyy over rated is all I am saying.	0
372	My girlfriend's veal was very bad.	0
373	So in a nutshell: 1) The restaraunt smells like a combination of a dirty fish market and a sewer.	0
374	It was probably dirt.	0
375	Pricing is a bit of a concern at Mellow Mushroom.	0
376	It was packed!!	0
377	Del Taco is pretty nasty and should be avoided if possible.	0
378	Honeslty it didn't taste THAT fresh.)	0
379	The plantains were the worst I've ever tasted.	0
380	I can take a little bad service but the food sucks.	0
381	I paid the bill but did not tip because I felt the server did a terrible job.	0
382	"The Wife hated her meal (coconut shrimp), and our friends really did not enjoy their meals, either."	0
383	Waited 2 hours & never got either of our pizzas as many other around us who came in later did!	0
384	Things that went wrong: - They burned the saganaki.	0
385	My girlfriend's veal was very bad.	0
386	AVOID THIS ESTABLISHMENT!	0
387	What a mistake that was!	0
388	"The ripped banana was not only ripped, but petrified and tasteless."	0
389	"Maybe it's just their Vegetarian fare, but I've been twice and I thought it was average at best."	0
390	"No allergy warnings on the menu, and the waitress had absolutely no clue as to which meals did or did not contain peanuts."	0
391	"However, my recent experience at this particular location was not so good."	0
392	This was like the final blow!	0
393	Over rated.	0
394	"On the ground, right next to our table was a large, smeared, been-stepped-in-and-tracked-everywhere pile of green bird poop."	0
395	I consider this theft.	0
396	I don't think we'll be going back anytime soon.	0
397	"This place is not worth your time, let alone Vegas."	0
398	It was a pale color instead of nice and char and has NO flavor.	0
399	I also decided not to send it back because our waitress looked like she was on the verge of having a heart attack.	0
400	"As for the ""mains,"" also uninspired."	0
401	"It lacked flavor, seemed undercooked, and dry."	0
402	It sure does beat the nachos at the movies but I would expect a little bit more coming from a restaurant.	0
403	I probably would not go here again.	0
404	The turkey and roast beef were bland.	0
405	"If you look for authentic Thai food, go else where."	0
406	Your staff spends more time talking to themselves than me.	0
407	And then tragedy struck.	0
408	Crust is not good.	0
409	"Worse of all, he humiliated his worker right in front of me..Bunch of horrible name callings."	0
410	Eew... This location needs a complete overhaul.	0
411	My sashimi was poor quality being soggy and tasteless.	0
412	Mediocre food.	0
413	I've had better bagels from the grocery store.	0
414	Crostini that came with the salad was stale.	0
415	I dressed up to be treated so rudely!	0
416	"Bad day or not, I have a very low tolerance for rude customer service people, it is your job to be nice and polite, wash dishes otherwise!!"	0
417	Overall I wasn't very impressed with Noca.	0
418	If you are reading this please don't go there.	0
419	I just don't know how this place managed to served the blandest food I have ever eaten when they are preparing Indian cuisine.	0
420	"There is really nothing for me at postinos, hope your experience is better"	0
421	And the beans and rice were mediocre at best.	0
422	"Lobster Bisque, Bussell Sprouts, Risotto, Filet ALL needed salt and pepper..and of course there is none at the tables."	0
423	Mediocre food.	0
424	It was probably dirt.	0
425	Coming here is like experiencing an underwhelming relationship where both parties can't wait for the other person to ask to break up.	0
426	Service sucks.	0
427	The RI style calamari was a joke.	0
428	"On the ground, right next to our table was a large, smeared, been-stepped-in-and-tracked-everywhere pile of green bird poop."	0
429	It was equally awful.	0
430	It was not good.	0
431	"The servers went back and forth several times, not even so much as an ""Are you being helped?"""	0
432	I would not recommend this place.	0
433	"I probably won't be back, to be honest."	0
434	Not good for the money.	0
435	But then they came back cold.	0
436	A lady at the table next to us found a live green caterpillar In her salad.	0
437	"Will never, ever go back."	0
438	The waiter wasn't helpful or friendly and rarely checked on us.	0
439	I've never been more insulted or felt disrespected.	0
440	It was equally awful.	0
441	My husband and I ate lunch here and were very disappointed with the food and service.	0
442	The servers are not pleasant to deal with and they don't always honor Pizza Hut coupons.	0
443	It was probably dirt.	0
444	Coming here is like experiencing an underwhelming relationship where both parties can't wait for the other person to ask to break up.	0
445	"The service was not up to par, either."	0
446	This place should honestly be blown up.	0
447	It was way over fried.	0
448	walked in and the place smelled like an old grease trap and only 2 others there eating.	0
449	The live music on Fridays totally blows.	0
450	Avoid at all cost!	0
451	I'll take my business dinner dollars elsewhere.	0
452	"Overall, I don't think that I would take my parents to this place again because they made most of the similar complaints that I silently felt too."	0
453	I asked multiple times for the wine list and after some time of being ignored I went to the hostess and got one myself.	0
454	We won't be going back anytime soon!	0
455	I've had better atmosphere.	0
456	"The burger had absolutely no flavor - the meat itself was totally bland, the burger was overcooked and there was no charcoal flavor."	0
457	If someone orders two tacos don't' you think it may be part of customer service to ask if it is combo or ala cart?	0
458	Disappointing experience.	0
459	Con: spotty service.	0
460	This place is way too overpriced for mediocre food.	0
461	"seems like a good quick place to grab a bite of some familiar pub food, but do yourself a favor and look elsewhere."	0
462	Very Very Disappointed ordered the $35 Big Bay Plater.	0
463	He was terrible!	0
464	Best of luck to the rude and non-customer service focused new management.	0
465	This one is simply a disappointment.	0
466	I came back today since they relocated and still not impressed.	0
467	Tried to go here for lunch and it was a madhouse.	0
468	I really enjoyed eating here.	1
469	The seafood was fresh and generous in portion.	1
470	This is an Outstanding little restaurant with some of the Best Food I have ever tasted.	1
471	Service is quick and friendly.	1
472	One of the few places in Phoenix that I would definately go back to again .	1
473	Nicest Chinese restaurant I've been in a while.	1
474	"This place is pretty good, nice little vibe in the restaurant."	1
475	* Both the Hot & Sour & the Egg Flower Soups were absolutely 5 Stars!	1
476	I would definitely recommend the wings as well as the pizza.	1
477	I miss it and wish they had one in Philadelphia!	1
478	The jalapeno bacon is soooo good.	1
479	High-quality chicken on the chicken Caesar salad.	1
480	"Give it a try, you will be happy you did."	1
481	Pretty cool I would say.	1
482	you can watch them preparing the delicious food!)	1
483	"Come hungry, leave happy and stuffed!"	1
484	The vegetables are so fresh and the sauce feels like authentic Thai.	1
485	This place is great!!!!!!!!!!!!!!	1
486	The sweet potato tots were good but the onion rings were perfection or as close as I have had.	1
487	Just spicy enough.. Perfect actually.	1
488	Our server was super nice and checked on us many times.	1
489	"On the good side, the staff was genuinely pleasant and enthusiastic - a real treat."	1
490	"The atmosphere is modern and hip, while maintaining a touch of coziness."	1
491	"They have a plethora of salads and sandwiches, and everything I've tried gets my seal of approval."	1
492	The steak was amazing...rge fillet relleno was the best seafood plate i have ever had!	1
493	"In an interesting part of town, this place is amazing."	1
494	"Service is quick and even ""to go"" orders are just like we like it!"	1
495	The classic Maine Lobster Roll was fantastic.	1
496	My ribeye steak was cooked perfectly and had great mesquite flavor.	1
497	The steak was amazing...rge fillet relleno was the best seafood plate i have ever had!	1
498	"I have eaten here multiple times, and each time the food was delicious."	1
499	Great place to relax and have an awesome burger and beer.	1
500	Their rotating beers on tap is also a highlight of this place.	1
501	"The food is delicious and just spicy enough, so be sure to ask for spicier if you prefer it that way."	1
502	The waitress and manager are so friendly.	1
503	"The wontons were thin, not thick and chewy, almost melt in your mouth."	1
504	"Be sure to order dessert, even if you need to pack it to-go - the tiramisu and cannoli are both to die for."	1
505	"The sides are delish - mixed mushrooms, yukon gold puree, white corn - beateous."	1
506	The Veggitarian platter is out of this world!	1
507	"You get incredibly fresh fish, prepared with care."	1
508	"Seriously flavorful delights, folks."	1
509	The food was outstanding and the prices were very reasonable.	1
510	#NAME?	1
511	The staff are also very friendly and efficient.	1
512	First time going but I think I will quickly become a regular.	1
513	All of the tapas dishes were delicious!	1
514	Just had lunch here and had a great experience.	1
515	"The food was very good and I enjoyed every mouthful, an enjoyable relaxed venue for couples small family groups etc."	1
516	"All in all an excellent restaurant highlighted by great service, a unique menu, and a beautiful setting."	1
517	"The food was very good and I enjoyed every mouthful, an enjoyable relaxed venue for couples small family groups etc."	1
518	Talk about great customer service of course we will be back.	1
519	The staff was very attentive.	1
520	The seasonal fruit was fresh white peach puree.	1
521	(The bathroom is just next door and very nice.)	1
522	"Love the margaritas, too!"	1
523	I ordered the Lemon raspberry ice cocktail which was also incredible.	1
524	They know how to make them here.	1
525	Everything was good and tasty!	1
526	"Anyway, this FS restaurant has a wonderful breakfast/lunch."	1
527	"I always order from the vegetarian menu during dinner, which has a wide array of options to choose from."	1
528	"Not a weekly haunt, but definitely a place to come back to every once in a while."	1
529	"It's close to my house, it's low-key, non-fancy, affordable prices, good food."	1
530	"Not to mention the combination of pears, almonds and bacon is a big winner!"	1
531	"The food was very good and I enjoyed every mouthful, an enjoyable relaxed venue for couples small family groups etc."	1
532	This place is awesome if you want something light and healthy during the summer.	1
533	Reasonably priced also!	1
534	Food was delicious!	1
535	"Went in for happy hour, great list of wines."	1
536	"The staff is super nice and very quick even with the crazy crowds of the downtown juries, lawyers, and court staff."	1
537	Pretty cool I would say.	1
538	I promise they won't disappoint.	1
539	The pancake was also really good and pretty large at that.	1
540	Great service and food.	1
541	"The owner used to work at Nobu, so this place is really similar for half the price."	1
542	"All in all an excellent restaurant highlighted by great service, a unique menu, and a beautiful setting."	1
543	Pretty cool I would say.	1
544	"I don't each much pasta, but I love the homemade /hand made pastas and thin pizzas here."	1
545	Food was really good and I got full petty fast.	1
546	I love the fact that everything on their menu is worth it.	1
547	"The decor is nice, and the piano music soundtrack is pleasant."	1
548	Last night was my second time dining here and I was so happy I decided to go back!	1
549	"Classy/warm atmosphere, fun and fresh appetizers, succulent steaks (Baseball steak!!!!!"	1
550	#NAME?	1
551	Eclectic selection.	1
552	"I always order from the vegetarian menu during dinner, which has a wide array of options to choose from."	1
553	The restaurant atmosphere was exquisite.	1
554	What a great double cheeseburger!	1
555	"Also were served hot bread and butter, and home made potato chips with bacon bits on top....very original and very good."	1
556	I like Steiners because it's dark and it feels like a bar.	1
557	Have been going since 2007 and every meal has been awesome!!	1
558	Cooked to perfection and the service was impeccable.	1
559	The pancake was also really good and pretty large at that.	1
560	The jalapeno bacon is soooo good.	1
561	I can assure you that you won't be disappointed.	1
562	The goat taco didn't skimp on the meat and wow what FLAVOR!	1
563	Service was excellent and prices are pretty reasonable considering this is Vegas and located inside the Crystals shopping mall by Aria.	1
564	"You get incredibly fresh fish, prepared with care."	1
565	* Both the Hot & Sour & the Egg Flower Soups were absolutely 5 Stars!	1
566	The atmosphere was great with a lovely duo of violinists playing songs we requested.	1
567	"Stopped by this place while in Madison for the Ironman, very friendly, kind staff."	1
568	I don't know what kind it is but they have the best iced tea.	1
569	One of the few places in Phoenix that I would definately go back to again .	1
570	This is a GREAT place to eat!	1
571	I would definitely recommend the wings as well as the pizza.	1
572	We had a group of 70+ when we claimed we would only have 40 and they handled us beautifully.	1
573	Their daily specials are always a hit with my group.	1
574	This place was such a nice surprise!	1
575	We enjoy their pizza and brunch.	1
576	What a great double cheeseburger!	1
577	"The decor is nice, and the piano music soundtrack is pleasant."	1
578	"Love this place, hits the spot when I want something healthy but not lacking in quantity or flavor."	1
579	"I had heard good things about this place, but it exceeding every hope I could have dreamed of."	1
580	"Seriously flavorful delights, folks."	1
581	Im in AZ all the time and now have my new spot.	1
582	I can say that the desserts were yummy.	1
583	Their daily specials are always a hit with my group.	1
584	They have a really nice atmosphere.	1
585	Damn good steak.	1
586	The food was excellent and service was very good.	1
587	The classic Maine Lobster Roll was fantastic.	1
588	Now this dish was quite flavourful.	1
589	"You get incredibly fresh fish, prepared with care."	1
590	I had a pretty satifying experience.	1
591	The roast beef sandwich tasted really good!	1
592	"Both of them were truly unbelievably good, and I am so glad we went back."	1
593	Both great!	1
594	Go To Place for Gyros.	1
595	And service was super friendly.	1
596	My boyfriend and i sat at the bar and had a completely delightful experience.	1
597	The waitress and manager are so friendly.	1
598	This is the place where I first had pho and it was amazing!!	1
599	"The chips and salsa were really good, the salsa was very fresh."	1
600	Favorite place in town for shawarrrrrrma!!!!!!	1
601	Nice ambiance.	1
602	We had 7 at our table and the service was pretty fast.	1
603	Food was so gooodd.	1
604	2 Thumbs Up!!	1
605	A fantastic neighborhood gem !!!	1
606	Owner's are really great people.!	1
607	The cow tongue and cheek tacos are amazing.	1
608	"Also were served hot bread and butter, and home made potato chips with bacon bits on top....very original and very good."	1
609	Great place to relax and have an awesome burger and beer.	1
610	If you stay in Vegas you must get breakfast here at least once.	1
611	Great time - family dinner on a Sunday night.	1
612	Great time - family dinner on a Sunday night.	1
613	Nargile - I think you are great.	1
614	I love the decor with the Chinese calligraphy wall paper.	1
615	"Love the margaritas, too!"	1
616	(The bathroom is just next door and very nice.)	1
617	The steaks are all well trimmed and also perfectly cooked.	1
618	"Be sure to order dessert, even if you need to pack it to-go - the tiramisu and cannoli are both to die for."	1
619	The nachos are a MUST HAVE!	1
620	Have been going since 2007 and every meal has been awesome!!	1
621	My boyfriend tried the Mediterranean Chicken Salad and fell in love.	1
622	The Greek dressing was very creamy and flavorful.	1
623	One of the few places in Phoenix that I would definately go back to again .	1
624	"This was my first crawfish experience, and it was delicious!"	1
625	I had a pretty satifying experience.	1
626	Great food and great service in a clean and friendly setting.	1
627	My boyfriend and i sat at the bar and had a completely delightful experience.	1
628	"For sushi on the Strip, this is the place to go."	1
629	The service was outshining & I definitely recommend the Halibut.	1
630	The atmosphere here is fun.	1
631	The folks at Otto always make us feel so welcome and special.	1
632	I can say that the desserts were yummy.	1
633	You cant go wrong with any of the food here.	1
634	Our server was super nice and checked on us many times.	1
635	Couldn't ask for a more satisfying meal.	1
636	You cant go wrong with any of the food here.	1
637	"If you love authentic Mexican food and want a whole bunch of interesting, yet delicious meats to choose from, you need to try this place."	1
638	"If you're not familiar, check it out."	1
639	Everything on the menu is terrific and we were also thrilled that they made amazing accommodations for our vegetarian daughter.	1
640	Very good lunch spot.	1
641	And service was super friendly.	1
642	This is a GREAT place to eat!	1
643	Great pork sandwich.	1
644	"I ate there twice on my last visit, and especially enjoyed the salmon salad."	1
645	Everything was perfect the night we were in.	1
646	Reasonably priced also!	1
647	"That just SCREAMS ""LEGIT"" in my book...somethat's also pretty rare here in Vegas."	1
648	"You get incredibly fresh fish, prepared with care."	1
649	The lighting is just dark enough to set the mood.	1
650	"The staff is super nice and very quick even with the crazy crowds of the downtown juries, lawyers, and court staff."	1
651	"I have eaten here multiple times, and each time the food was delicious."	1
652	"He also came back to check on us regularly, excellent service."	1
653	I had a pretty satifying experience.	1
654	These are the nicest restaurant owners I've ever come across.	1
655	Their rotating beers on tap is also a highlight of this place.	1
656	The classic Maine Lobster Roll was fantastic.	1
657	Only Pros : Large seating area/ Nice bar area/ Great simple drink menu/ The BEST brick oven pizza with homemade dough!	1
658	The vegetables are so fresh and the sauce feels like authentic Thai.	1
659	Awesome selection of beer.	1
660	"The chips and salsa were really good, the salsa was very fresh."	1
661	Great brunch spot.	1
662	Favorite place in town for shawarrrrrrma!!!!!!	1
663	"Perfect for someone (me) who only likes beer ice cold, or in this case, even colder."	1
664	It is PERFECT for a sit-down family meal or get together with a few friends.	1
665	The classic Maine Lobster Roll was fantastic.	1
666	"The wontons were thin, not thick and chewy, almost melt in your mouth."	1
667	I like Steiners because it's dark and it feels like a bar.	1
668	"Seriously flavorful delights, folks."	1
669	"My breakfast was perpared great, with a beautiful presentation of 3 giant slices of Toast, lightly dusted with powdered sugar."	1
670	The patio seating was very comfortable.	1
671	This is a GREAT place to eat!	1
672	Waitress was sweet and funny.	1
673	The pizza selections are good.	1
674	"I loved the grilled pizza, reminded me of legit Italian pizza."	1
675	You cant go wrong with any of the food here.	1
676	I love this place.	1
677	These were so good we ordered them twice.	1
678	The waitress and manager are so friendly.	1
679	I recently tried Caballero's and I have been back every week since!	1
680	I recently tried Caballero's and I have been back every week since!	1
681	"When I'm on this side of town, this will definitely be a spot I'll hit up again!"	1
682	Their steaks are 100% recommended!	1
683	The grilled chicken was so tender and yellow from the saffron seasoning.	1
684	Never had anything to complain about here.	1
685	The menu had so much good stuff on it i could not decide!	1
686	Great pork sandwich.	1
687	"As for the service: I'm a fan, because it's quick and you're being served by some nice folks."	1
688	Great Pizza and Salads!	1
689	Wonderful lil tapas and the ambience made me feel all warm and fuzzy inside.	1
690	"Be sure to order dessert, even if you need to pack it to-go - the tiramisu and cannoli are both to die for."	1
691	The chefs were friendly and did a good job.	1
692	They know how to make them here.	1
693	They know how to make them here.	1
694	Everything on the menu is terrific and we were also thrilled that they made amazing accommodations for our vegetarian daughter.	1
695	"I have eaten here multiple times, and each time the food was delicious."	1
696	Once you get inside you'll be impressed with the place.	1
697	Very very fun chef.	1
698	"Stopped by this place while in Madison for the Ironman, very friendly, kind staff."	1
699	Very good lunch spot.	1
700	Very friendly staff.	1
701	I recently tried Caballero's and I have been back every week since!	1
702	* Both the Hot & Sour & the Egg Flower Soups were absolutely 5 Stars!	1
703	Fantastic food!	1
704	"Be sure to order dessert, even if you need to pack it to-go - the tiramisu and cannoli are both to die for."	1
705	Kids pizza is always a hit too with lots of great side dish options for the kiddos!	1
706	"They will customize your order any way you'd like, my usual is Eggplant with Green Bean stir fry, love it!"	1
707	Just as good as when I had it more than a year ago!	1
708	"This isn't a small family restaurant, this is a fine dining establishment."	1
709	A fantastic neighborhood gem !!!	1
710	First time going but I think I will quickly become a regular.	1
711	It's a great place and I highly recommend it.	1
712	* Both the Hot & Sour & the Egg Flower Soups were absolutely 5 Stars!	1
713	And service was super friendly.	1
714	"The food was great as always, compliments to the chef."	1
715	Food was really good and I got full petty fast.	1
716	Food was great and so was the serivce!	1
717	"Lastly, the mozzarella sticks, they were the best thing we ordered."	1
718	This is a good joint.	1
719	"He also came back to check on us regularly, excellent service."	1
720	"The food was great as always, compliments to the chef."	1
721	Owner's are really great people.!	1
722	2 Thumbs Up!!	1
723	"The chips and salsa were really good, the salsa was very fresh."	1
724	"Not a weekly haunt, but definitely a place to come back to every once in a while."	1
725	"Went in for happy hour, great list of wines."	1
726	This was my first and only Vegas buffet and it did not disappoint.	1
727	They also now serve Indian naan bread with hummus and some spicy pine nut sauce that was out of this world.	1
728	Their rotating beers on tap is also a highlight of this place.	1
729	I really enjoyed eating here.	1
730	They also now serve Indian naan bread with hummus and some spicy pine nut sauce that was out of this world.	1
731	"Seriously flavorful delights, folks."	1
732	Great brunch spot.	1
733	"Great steak, great sides, great wine, amazing desserts."	1
734	Very good lunch spot.	1
735	Now this dish was quite flavourful.	1
736	I promise they won't disappoint.	1
737	It is worth the drive.	1
738	"This isn't a small family restaurant, this is a fine dining establishment."	1
739	"After one bite, I was hooked."	1
740	One of the few places in Phoenix that I would definately go back to again .	1
741	Food was so gooodd.	1
742	The grilled chicken was so tender and yellow from the saffron seasoning.	1
743	This is some seriously good pizza and I'm an expert/connisseur on the topic.	1
744	"I really do recommend this place, you can go wrong with this donut place!"	1
745	Pretty cool I would say.	1
746	"All in all, I can assure you I'll be back."	1
747	The crêpe was delicate and thin and moist.	1
748	Their steaks are 100% recommended!	1
749	Extremely Tasty!	1
750	Now the pizza itself was good the peanut sauce was very tasty.	1
751	"Come hungry, leave happy and stuffed!"	1
752	Their regular toasted bread was equally satisfying with the occasional pats of butter... Mmmm...!	1
753	"Prices are very reasonable, flavors are spot on, the sauce is home made, and the slaw is not drenched in mayo."	1
754	Very very fun chef.	1
755	They really want to make your experience a good one.	1
756	Those burgers were amazing.	1
757	He deserves 5 stars.	1
758	I will continue to come here on ladies night andddd date night ... highly recommend this place to anyone who is in the area.	1
759	Reasonably priced also!	1
760	Go To Place for Gyros.	1
761	I LOVED it!	1
762	The flair bartenders are absolutely amazing!	1
763	"For sushi on the Strip, this is the place to go."	1
764	I will come back here every time I'm in Vegas.	1
765	All of the tapas dishes were delicious!	1
766	OMG I felt like I had never eaten Thai food until this dish.	1
767	This is an Outstanding little restaurant with some of the Best Food I have ever tasted.	1
768	This place is great!!!!!!!!!!!!!!	1
769	And service was super friendly.	1
770	"I had strawberry tea, which was good."	1
771	The Greek dressing was very creamy and flavorful.	1
772	Pretty awesome place.	1
773	Dessert: Panna Cotta was amazing.	1
774	I went to Bachi Burger on a friend's recommendation and was not disappointed.	1
775	I could eat their bruschetta all day it is devine.	1
776	"You get incredibly fresh fish, prepared with care."	1
777	"Plus, it's only 8 bucks."	1
778	Their rotating beers on tap is also a highlight of this place.	1
779	Four stars for the food & the guy in the blue shirt for his great vibe & still letting us in to eat !	1
780	What I really like there is the crepe station.	1
781	"I'm so happy to be here!!!"""	1
782	"Every time I eat here, I see caring teamwork to a professional degree."	1
783	When I received my Pita it was huge it did have a lot of meat in it so thumbs up there.	1
784	The vanilla ice cream was creamy and smooth while the profiterole (choux) pastry was fresh enough.	1
785	Some may say this buffet is pricey but I think you get what you pay for and this place you are getting quite a lot!	1
786	Service was fantastic.	1
787	Seriously killer hot chai latte.	1
788	The staff are also very friendly and efficient.	1
789	The waitress was friendly and happy to accomodate for vegan/veggie options.	1
790	The jalapeno bacon is soooo good.	1
791	"A couple of months later, I returned and had an amazing meal."	1
792	Pretty awesome place.	1
793	The vegetables are so fresh and the sauce feels like authentic Thai.	1
794	Both of the egg rolls were fantastic.	1
795	They have a really nice atmosphere.	1
796	This is a good joint.	1
797	Waitress was good though!	1
798	Both great!	1
799	What a great double cheeseburger!	1
800	"That said, our mouths and bellies were still quite pleased."	1
801	"Plus, it's only 8 bucks."	1
802	I would definitely recommend the wings as well as the pizza.	1
803	I did not expect this to be so good!	1
804	"Not a weekly haunt, but definitely a place to come back to every once in a while."	1
805	We were promptly greeted and seated.	1
806	Each day of the week they have a different deal and it's all so delicious!	1
807	Best tacos in town by far!!	1
808	Good Service-check!	1
809	You won't be disappointed.	1
810	"Of all the dishes, the salmon was the best, but all were great."	1
811	(The bathroom is just next door and very nice.)	1
812	Good beer & drink selection and good food selection.	1
813	"I ate there twice on my last visit, and especially enjoyed the salmon salad."	1
814	This is some seriously good pizza and I'm an expert/connisseur on the topic.	1
815	"Everyone is very attentive, providing excellent customer service."	1
816	"The food is delicious and just spicy enough, so be sure to ask for spicier if you prefer it that way."	1
817	I *heart* this place.	1
818	They also now serve Indian naan bread with hummus and some spicy pine nut sauce that was out of this world.	1
819	Food was really good and I got full petty fast.	1
820	"It's close to my house, it's low-key, non-fancy, affordable prices, good food."	1
821	"Every time I eat here, I see caring teamwork to a professional degree."	1
822	I love this place.	1
823	I will be back many times soon.	1
824	"The food is delicious and just spicy enough, so be sure to ask for spicier if you prefer it that way."	1
825	"I love the owner/chef, his one authentic Japanese cool dude!"	1
826	The Macarons here are insanely good.	1
827	"I always order from the vegetarian menu during dinner, which has a wide array of options to choose from."	1
828	The food came out at a good pace.	1
829	Waitress was good though!	1
830	Everything was perfect the night we were in.	1
831	A fantastic neighborhood gem !!!	1
832	Service is friendly and inviting.	1
833	"After one bite, I was hooked."	1
834	I miss it and wish they had one in Philadelphia!	1
835	"If you love authentic Mexican food and want a whole bunch of interesting, yet delicious meats to choose from, you need to try this place."	1
836	Their monster chicken fried steak and eggs is my all time favorite.	1
837	Both of the egg rolls were fantastic.	1
838	My boyfriend and i sat at the bar and had a completely delightful experience.	1
839	"Overall, a great experience."	1
840	We were promptly greeted and seated.	1
841	"This place is a jewel in Las Vegas, and exactly what I've been hoping to find in nearly ten years living here."	1
842	"The staff are great, the ambiance is great."	1
843	Great place to have a couple drinks and watch any and all sporting events as the walls are covered with TV's.	1
844	I can assure you that you won't be disappointed.	1
845	"The first time I ever came here I had an amazing experience, I still tell people how awesome the duck was."	1
846	Kids pizza is always a hit too with lots of great side dish options for the kiddos!	1
847	The food was outstanding and the prices were very reasonable.	1
848	"My breakfast was perpared great, with a beautiful presentation of 3 giant slices of Toast, lightly dusted with powdered sugar."	1
849	"Good value, great food, great service."	1
850	Great food and great service in a clean and friendly setting.	1
851	Great service and food.	1
852	"When I'm on this side of town, this will definitely be a spot I'll hit up again!"	1
853	It is worth the drive.	1
854	Four stars for the food & the guy in the blue shirt for his great vibe & still letting us in to eat !	1
855	They had a toro tartare with a cavier that was extraordinary and I liked the thinly sliced wagyu with white truffle.	1
856	So absolutley fantastic.	1
857	Great food and awesome service!	1
858	Good Service-check!	1
859	Those burgers were amazing.	1
860	The cashier was friendly and even brought the food out to me.	1
861	"If you love authentic Mexican food and want a whole bunch of interesting, yet delicious meats to choose from, you need to try this place."	1
862	Reasonably priced also!	1
863	It'll be a regular stop on my trips to Phoenix!	1
864	"All in all, I can assure you I'll be back."	1
865	The patio seating was very comfortable.	1
866	"Great atmosphere, friendly and fast service."	1
867	The vanilla ice cream was creamy and smooth while the profiterole (choux) pastry was fresh enough.	1
868	"All in all an excellent restaurant highlighted by great service, a unique menu, and a beautiful setting."	1
869	My ribeye steak was cooked perfectly and had great mesquite flavor.	1
870	Good beer & drink selection and good food selection.	1
871	"This place is like Chipotle, but BETTER."	1
872	"They have a plethora of salads and sandwiches, and everything I've tried gets my seal of approval."	1
873	"I'd say that would be the hardest decision... Honestly, all of M's dishes taste how they are supposed to taste (amazing)."	1
874	All the bread is made in-house!	1
875	This wonderful experience made this place a must-stop whenever we are in town again.	1
876	It was awesome.	1
877	I love this place.	1
878	It'll be a regular stop on my trips to Phoenix!	1
879	Pretty good beer selection too.	1
880	Best tater tots in the southwest.	1
881	These are the nicest restaurant owners I've ever come across.	1
882	The food came out at a good pace.	1
883	I hope this place sticks around.	1
884	(The bathroom is just next door and very nice.)	1
885	"Back to good BBQ, lighter fare, reasonable pricing and tell the public they are back to the old ways."	1
886	"That said, our mouths and bellies were still quite pleased."	1
887	The price is reasonable and the service is great.	1
888	"Be sure to order dessert, even if you need to pack it to-go - the tiramisu and cannoli are both to die for."	1
889	"Our waiter was very attentive, friendly, and informative."	1
890	"In the summer, you can dine in a charming outdoor patio - so very delightful."	1
891	It was awesome.	1
892	They were golden-crispy and delicious.	1
893	If you haven't gone here GO NOW!	1
894	What I really like there is the crepe station.	1
895	Fantastic food!	1
896	We walked away stuffed and happy about our first Vegas buffet experience.	1
897	Best tacos in town by far!!	1
898	The Jamaican mojitos are delicious.	1
899	So absolutley fantastic.	1
900	Great place fo take out or eat in.	1
901	Nice ambiance.	1
902	It was awesome.	1
903	"Point your finger at any item on the menu, order it and you won't be disappointed."	1
